USE BokhandelDB
Insert into Författare (Förnamn, Efternamn, Födelsedatum)
Values
('Terry', 'Pratchett', '1948-05-28'),
('Sven','Nordqvist','1946-05-30'),
('Jane', 'Austen', '1775-12-16'),
('David', 'Eddings', '1931-07-07');

Insert Into Förlag(Förlagname)
Values
('B. Wahlströms'),
('Rabén&Sjögren'),
('Albert Bonniers');

Insert into Bok(ISBN, Title,Pris,Språk,Utgivningsdatum,FörlagID)
Values
('9980000000001','The Colour of Magic',155,'Engelska','1983',1),
('9980000000002','The Light Fantastic',155,'Engelska','1986',1),
('9980000000003','Equal Rites',145,'Engelska','1987',1),
('9980000000004','Mort',165,'Engelska','1987',1),
('9980000000005','Sourcery',165,'Engelska','1988',1),
('9980000000006','Wyrd Sisters',165,'Engelska','1988',1),
('9980000000007','Pyramids',170,'Engelska','1989',1),
('9980000000008','Guards! Guards!',175,'Engelska','1989',1),
('9980000000009','Eric',140,'Engelska','1990',1),
('9980000000010','Moving Pictures',175,'Engelska','1990',1),
('9980000000011','Reaper Man',180,'Engelska','1991',1),
('9980000000012','Witches Abroad',175,'Engelska','1991',1),
('9980000000013','Small Gods',180,'Engelska','1992',1),
('9980000000014','Lords and Ladies',180,'Engelska','1992',1),
('9980000000015','Men at Arms',185,'Engelska','1993',1),
('9980000000016','Soul Music',185,'Engelska','1994',1),
('9980000000017','Interesting Times',185,'Engelska','1994',1),
('9980000000018','Maskerade',180,'Engelska','1995',1),
('9980000000019','Feet of Clay',190,'Engelska','1996',1),
('9980000000020','Hogfather',195,'Engelska','1996',1),
('9980000000021','Jingo',190,'Engelska','1997',1),
('9980000000022','The Last Continent',190,'Engelska','1998',1),
('9980000000023','Carpe Jugulum',190,'Engelska','1998',1),
('9980000000024','The Fifth Elephant',195,'Engelska','1999',1),
('9980000000025','The Truth',195,'Engelska','2000',1),
('9980000000026','Thief of Time',195,'Engelska','2001',1),
('9980000000027','The Last Hero',200,'Engelska','2001',1),
('9980000000028','The Amazing Maurice and His Educated Rodents',185,'Engelska','2001',1),
('9980000000029','Night Watch',200,'Engelska','2002',1),
('9980000000030','Monstrous Regiment',200,'Engelska','2003',1),
('9980000000031','Going Postal',205,'Engelska','2004',1),
('9980000000032','Thud!',205,'Engelska','2005',1),
('9980000000033','Wintersmith',190,'Engelska','2006',1),
('9980000000034','Making Money',205,'Engelska','2007',1),
('9980000000035','Unseen Academicals',210,'Engelska','2009',1),
('9980000000036','I Shall Wear Midnight',195,'Engelska','2010',1),
('9980000000037','Snuff',210,'Engelska','2011',1),
('9980000000038','Raising Steam',215,'Engelska','2013',1),
('9980000000039','The Shepherd''s Crown',220,'Engelska','2015',1),
('9980000000040','Pannkakstårtan',145,'Svenska','1984',2),
('9980000000041','Rävjakten',150,'Svenska','1986',2),
('9980000000042','Stackars Pettson',150,'Svenska','1987',2),
('9980000000043','Pettson får julbesök',155,'Svenska','1988',2),
('9980000000044','Kackel i grönsakslandet',155,'Svenska','1990',2),
('9980000000045','Pettson tältar',150,'Svenska','1992',2),
('9980000000046','Tuppens minut',145,'Svenska','1996',2),
('9980000000047','När Findus var liten och försvann',160,'Svenska','2001',2),
('9980000000048','Tomtemaskinen',165,'Svenska','2004',2),
('9980000000049','Findus flyttar hemifrån',165,'Svenska','2012',2),
('9980000000050','Pettson får julbesök - pysselbok',135,'Svenska','2013',2),
('9980000000051','Var är min syster?',170,'Svenska','2007',2),
('9980000000052','Hattjakten',140,'Svenska','2014',2),
('9980000000053','Minus och stora världen',150,'Svenska','2021',2),
('9980000000054','Sense and Sensibility',175,'Engelska','1811',3),
('9980000000055','Pride and Prejudice',185,'Engelska','1813',3),
('9980000000056','Mansfield Park',180,'Engelska','1814',3),
('9980000000057','Emma',185,'Engelska','1815',3),
('9980000000058','Northanger Abbey',175,'Engelska','1817',3),
('9980000000059','Persuasion',180,'Engelska','1817',3),
('9980000000060','Lady Susan',160,'Engelska','1871',3),
('9980000000061','The Watsons',155,'Engelska','1871',3),
('9980000000062','Sanditon',165,'Engelska','1925',3),
('9980000000063','Love and Freindship',150,'Engelska','1790',3),
('9980000000064','Juvenilia',170,'Engelska','1793',3),
('9980000000065','Pawn of Prophecy',185,'Engelska','1982',1),
('9980000000066','Queen of Sorcery',185,'Engelska','1982',1),
('9980000000067','Magician''s Gambit',190,'Engelska','1983',1),
('9980000000068','Castle of Wizardry',190,'Engelska','1984',1),
('9980000000069','Enchanters'' End Game',195,'Engelska','1984',1),
('9980000000070','Guardians of the West',195,'Engelska','1987',1),
('9980000000071','King of the Murgos',195,'Engelska','1988',1),
('9980000000072','Demon Lord of Karanda',200,'Engelska','1988',1),
('9980000000073','Sorceress of Darshiva',200,'Engelska','1989',1),
('9980000000074','The Seeress of Kell',205,'Engelska','1991',1),
('9980000000075','Belgarath the Sorcerer',220,'Engelska','1995',1),
('9980000000076','Polgara the Sorceress',220,'Engelska','1997',1),
('9980000000077','The Diamond Throne',190,'Engelska','1989',1),
('9980000000078','The Ruby Knight',195,'Engelska','1990',1),
('9980000000079','The Sapphire Rose',195,'Engelska','1991',1),
('9980000000080','Domes of Fire',200,'Engelska','1992',1),
('9980000000081','The Shining Ones',200,'Engelska','1993',1),
('9980000000082','The Hidden City',205,'Engelska','1994',1),
('9980000000083','Redemption of Althalus',210,'Engelska','2000',1),
('9980000000084','High Hunt',175,'Engelska','1973',1),
('9980000000085','The Losers',170,'Engelska','1992',1);

Insert into Bokförfattare (ISBN, FörfattareID)
Values
('9980000000001',1),
('9980000000002',1),
('9980000000003',1),
('9980000000004',1),
('9980000000005',1),
('9980000000006',1),
('9980000000007',1),
('9980000000008',1),
('9980000000009',1),
('9980000000010',1),
('9980000000011',1),
('9980000000012',1),
('9980000000013',1),
('9980000000014',1),
('9980000000015',1),
('9980000000016',1),
('9980000000017',1),
('9980000000018',1),
('9980000000019',1),
('9980000000020',1),
('9980000000021',1),
('9980000000022',1),
('9980000000023',1),
('9980000000024',1),
('9980000000025',1),
('9980000000026',1),
('9980000000027',1),
('9980000000028',1),
('9980000000029',1),
('9980000000030',1),
('9980000000031',1),
('9980000000032',1),
('9980000000033',1),
('9980000000034',1),
('9980000000035',1),
('9980000000036',1),
('9980000000037',1),
('9980000000038',1),
('9980000000039',1),
('9980000000040',2),
('9980000000041',2),
('9980000000042',2),
('9980000000043',2),
('9980000000044',2),
('9980000000045',2),
('9980000000046',2),
('9980000000047',2),
('9980000000048',2),
('9980000000049',2),
('9980000000050',2),
('9980000000051',2),
('9980000000052',2),
('9980000000053',2),
('9980000000054',3),
('9980000000055',3),
('9980000000056',3),
('9980000000057',3),
('9980000000058',3),
('9980000000059',3),
('9980000000060',3),
('9980000000061',3),
('9980000000062',3),
('9980000000063',3),
('9980000000064',3),
('9980000000065',4),
('9980000000066',4),
('9980000000067',4),
('9980000000068',4),
('9980000000069',4),
('9980000000070',4),
('9980000000071',4),
('9980000000072',4),
('9980000000073',4),
('9980000000074',4),
('9980000000075',4),
('9980000000076',4),
('9980000000077',4),
('9980000000078',4),
('9980000000079',4),
('9980000000080',4),
('9980000000081',4),
('9980000000082',4),
('9980000000083',4),
('9980000000084',4),
('9980000000085',4);

Insert into Butik (ButikName, ButikAdress)
Values
('Boken','Verner Östlingsgata 3'),
('Lasarus','Norra Allén 4'),
('Alexandria','Västra Gatan 12');

Insert into Lagersaldo (ButikID,ISBN,Antal)
Values
(1,'9980000000001',7),
(1,'9980000000002',4),
(1,'9980000000003',9),
(1,'9980000000004',2),
(1,'9980000000005',6),
(1,'9980000000006',8),
(1,'9980000000007',3),
(1,'9980000000008',10),
(1,'9980000000009',5),
(1,'9980000000010',7),
(1,'9980000000011',2),
(1,'9980000000012',9),
(1,'9980000000013',4),
(1,'9980000000014',6),
(1,'9980000000015',8),
(1,'9980000000016',3),
(1,'9980000000017',10),
(1,'9980000000018',5),
(1,'9980000000019',7),
(1,'9980000000020',2),
(1,'9980000000021',9),
(1,'9980000000022',4),
(1,'9980000000023',6),
(1,'9980000000024',8),
(1,'9980000000025',3),
(1,'9980000000026',10),
(1,'9980000000027',5),
(1,'9980000000028',7),
(1,'9980000000029',2),
(1,'9980000000030',9),
(1,'9980000000031',4),
(1,'9980000000032',6),
(1,'9980000000033',8),
(1,'9980000000034',3),
(1,'9980000000035',10),
(1,'9980000000036',5),
(1,'9980000000037',7),
(1,'9980000000038',2),
(1,'9980000000039',9),
(1,'9980000000040',4),
(1,'9980000000041',6),
(1,'9980000000042',8),
(1,'9980000000043',3),
(1,'9980000000044',10),
(1,'9980000000045',5),
(1,'9980000000046',7),
(1,'9980000000047',2),
(1,'9980000000048',9),
(1,'9980000000049',4),
(1,'9980000000050',6),
(1,'9980000000051',8),
(1,'9980000000052',3),
(1,'9980000000053',10),
(1,'9980000000054',5),
(1,'9980000000055',7),
(1,'9980000000056',2),
(1,'9980000000057',9),
(1,'9980000000058',4),
(1,'9980000000059',6),
(1,'9980000000060',8),
(1,'9980000000061',3),
(1,'9980000000062',10),
(1,'9980000000063',5),
(1,'9980000000064',7),
(1,'9980000000065',2),
(1,'9980000000066',9),
(1,'9980000000067',4),
(1,'9980000000068',6),
(1,'9980000000069',8),
(1,'9980000000070',3),
(1,'9980000000071',10),
(1,'9980000000072',5),
(1,'9980000000073',7),
(1,'9980000000074',2),
(1,'9980000000075',9),
(1,'9980000000076',4),
(1,'9980000000077',6),
(1,'9980000000078',8),
(1,'9980000000079',3),
(1,'9980000000080',10),
(1,'9980000000081',5),
(1,'9980000000082',7),
(1,'9980000000083',2),
(1,'9980000000084',9),
(1,'9980000000085',4),

(2,'9980000000001',6),
(2,'9980000000002',8),
(2,'9980000000003',3),
(2,'9980000000004',10),
(2,'9980000000005',5),
(2,'9980000000006',7),
(2,'9980000000007',2),
(2,'9980000000008',9),
(2,'9980000000009',4),
(2,'9980000000010',6),
(2,'9980000000011',8),
(2,'9980000000012',3),
(2,'9980000000013',10),
(2,'9980000000014',5),
(2,'9980000000015',7),
(2,'9980000000016',2),
(2,'9980000000017',9),
(2,'9980000000018',4),
(2,'9980000000019',6),
(2,'9980000000020',8),
(2,'9980000000021',3),
(2,'9980000000022',10),
(2,'9980000000023',5),
(2,'9980000000024',7),
(2,'9980000000025',2),
(2,'9980000000026',9),
(2,'9980000000027',4),
(2,'9980000000028',6),
(2,'9980000000029',8),
(2,'9980000000030',3),
(2,'9980000000031',10),
(2,'9980000000032',5),
(2,'9980000000033',7),
(2,'9980000000034',2),
(2,'9980000000035',9),
(2,'9980000000036',4),
(2,'9980000000037',6),
(2,'9980000000038',8),
(2,'9980000000039',3),
(2,'9980000000040',10),
(2,'9980000000041',5),
(2,'9980000000042',7),
(2,'9980000000043',2),
(2,'9980000000044',9),
(2,'9980000000045',4),
(2,'9980000000046',6),
(2,'9980000000047',8),
(2,'9980000000048',3),
(2,'9980000000049',10),
(2,'9980000000050',5),
(2,'9980000000051',7),
(2,'9980000000052',2),
(2,'9980000000053',9),
(2,'9980000000054',4),
(2,'9980000000055',6),
(2,'9980000000056',8),
(2,'9980000000057',3),
(2,'9980000000058',10),
(2,'9980000000059',5),
(2,'9980000000060',7),
(2,'9980000000061',2),
(2,'9980000000062',9),
(2,'9980000000063',4),
(2,'9980000000064',6),
(2,'9980000000065',8),
(2,'9980000000066',3),
(2,'9980000000067',10),
(2,'9980000000068',5),
(2,'9980000000069',7),
(2,'9980000000070',2),
(2,'9980000000071',9),
(2,'9980000000072',4),
(2,'9980000000073',6),
(2,'9980000000074',8),
(2,'9980000000075',3),
(2,'9980000000076',10),
(2,'9980000000077',5),
(2,'9980000000078',7),
(2,'9980000000079',2),
(2,'9980000000080',9),
(2,'9980000000081',4),
(2,'9980000000082',6),
(2,'9980000000083',8),
(2,'9980000000084',3),
(2,'9980000000085',10),

(3,'9980000000001',5),
(3,'9980000000002',7),
(3,'9980000000003',2),
(3,'9980000000004',9),
(3,'9980000000005',4),
(3,'9980000000006',6),
(3,'9980000000007',8),
(3,'9980000000008',3),
(3,'9980000000009',10),
(3,'9980000000010',5),
(3,'9980000000011',7),
(3,'9980000000012',2),
(3,'9980000000013',9),
(3,'9980000000014',4),
(3,'9980000000015',6),
(3,'9980000000016',8),
(3,'9980000000017',3),
(3,'9980000000018',10),
(3,'9980000000019',5),
(3,'9980000000020',7),
(3,'9980000000021',2),
(3,'9980000000022',9),
(3,'9980000000023',4),
(3,'9980000000024',6),
(3,'9980000000025',8),
(3,'9980000000026',3),
(3,'9980000000027',10),
(3,'9980000000028',5),
(3,'9980000000029',7),
(3,'9980000000030',2),
(3,'9980000000031',9),
(3,'9980000000032',4),
(3,'9980000000033',6),
(3,'9980000000034',8),
(3,'9980000000035',3),
(3,'9980000000036',10),
(3,'9980000000037',5),
(3,'9980000000038',7),
(3,'9980000000039',2),
(3,'9980000000040',9),
(3,'9980000000041',4),
(3,'9980000000042',6),
(3,'9980000000043',8),
(3,'9980000000044',3),
(3,'9980000000045',10),
(3,'9980000000046',5),
(3,'9980000000047',7),
(3,'9980000000048',2),
(3,'9980000000049',9),
(3,'9980000000050',4),
(3,'9980000000051',6),
(3,'9980000000052',8),
(3,'9980000000053',3),
(3,'9980000000054',10),
(3,'9980000000055',5),
(3,'9980000000056',7),
(3,'9980000000057',2),
(3,'9980000000058',9),
(3,'9980000000059',4),
(3,'9980000000060',6),
(3,'9980000000061',8),
(3,'9980000000062',3),
(3,'9980000000063',10),
(3,'9980000000064',5),
(3,'9980000000065',7),
(3,'9980000000066',2),
(3,'9980000000067',9),
(3,'9980000000068',4),
(3,'9980000000069',6),
(3,'9980000000070',8),
(3,'9980000000071',3),
(3,'9980000000072',10),
(3,'9980000000073',5),
(3,'9980000000074',7),
(3,'9980000000075',2),
(3,'9980000000076',9),
(3,'9980000000077',4),
(3,'9980000000078',6),
(3,'9980000000079',8),
(3,'9980000000080',3),
(3,'9980000000081',10),
(3,'9980000000082',5),
(3,'9980000000083',7),
(3,'9980000000084',2),
(3,'9980000000085',9);

insert into Kunder (Kundname,Kundtele)
Values
('Anna Andersson', '073-0883295'),
('Oskar Kempe', '070-3689235'),
('Peter Dahlquist', '070-5689388');

insert into Ordrar (KundID, ButikID, Orderdatum)
Values
(1,2,'2026-04-19'),
(2,1,'2026-02-24'),
(3,1,'2026-03-12');

insert into OrderRader (Ordernr, ISBN, Antal, Pris)
Values
(1, '9980000000025',1,195),
(2, '9980000000044',1,155),
(3, '9980000000060',2,160);